{
    "best_model_name": "Gradient_Boosting",
    "selection_metric": "f1_score",
    "thresholds_tested": [
        0.05,
        0.06,
        0.07,
        0.08,
        0.09,
        0.1,
        0.11,
        0.12,
        0.13,
        0.14,
        0.15,
        0.16,
        0.17,
        0.18,
        0.19,
        0.2,
        0.21,
        0.22,
        0.23,
        0.24,
        0.25,
        0.26,
        0.27,
        0.28,
        0.29,
        0.3,
        0.31,
        0.32,
        0.33,
        0.34,
        0.35,
        0.36,
        0.37,
        0.38,
        0.39,
        0.4,
        0.41,
        0.42,
        0.43,
        0.44,
        0.45,
        0.46,
        0.47,
        0.48,
        0.49,
        0.5,
        0.51,
        0.52,
        0.53,
        0.54,
        0.55,
        0.56,
        0.57,
        0.58,
        0.59
    ],
    "results": [
        {
            "accuracy": 0.822,
            "precision": 0.5489443378119002,
            "recall": 0.7027027027027027,
            "f1_score": 0.6163793103448276,
            "roc_auc": 0.8566671448027379,
            "selected_threshold": 0.49,
            "model_name": "Extra_trees",
            "cv_f1_mean": 0.5993985155375995
        },
        {
            "accuracy": 0.8195,
            "precision": 0.5435606060606061,
            "recall": 0.7051597051597052,
            "f1_score": 0.613903743315508,
            "roc_auc": 0.8564111106483987,
            "selected_threshold": 0.47,
            "model_name": "Random_Forest",
            "cv_f1_mean": 0.6029129295461866
        },
        {
            "accuracy": 0.841,
            "precision": 0.5898989898989899,
            "recall": 0.7174447174447175,
            "f1_score": 0.647450110864745,
            "roc_auc": 0.8689614113342927,
            "selected_threshold": 0.25,
            "model_name": "Gradient_Boosting",
            "cv_f1_mean": 0.5764576045662604
        },
        {
            "accuracy": 0.7885,
            "precision": 0.4864864864864865,
            "recall": 0.7076167076167076,
            "f1_score": 0.5765765765765766,
            "roc_auc": 0.8388434659621099,
            "selected_threshold": 0.54,
            "model_name": "logistic_regression",
            "cv_f1_mean": 0.5590994302665502
        }
    ],
    "best_results": {
        "accuracy": 0.841,
        "precision": 0.5898989898989899,
        "recall": 0.7174447174447175,
        "f1_score": 0.647450110864745,
        "roc_auc": 0.8689614113342927,
        "selected_threshold": 0.25,
        "model_name": "Gradient_Boosting",
        "cv_f1_mean": 0.5764576045662604
    },
    "confusion_matrix": [
        [
            1390,
            203
        ],
        [
            115,
            292
        ]
    ]
}